sl,email,category
1,"Subject: Monthly Financial Report for January 2024 Hello Team, Please find attached the monthly financial report for January 2024. Let me know if you have any questions or need further clarification. Regards, [Your Name]",accounting
2,"Subject: Asset Inventory Audit Preparation Team, We will be conducting an asset inventory audit next month. Please ensure all assets are properly documented and accounted for. Regards, [Your Name]",hr department
3,"Subject: Welcome to the Team! Dear [Employee Name], On behalf of the HR team, I'd like to extend a warm welcome to you as the newest member of our organization. We're thrilled to have you on board and look forward to your contributions. Best regards, [Your Name]",hr department
4,"Subject: Unresolved Issue with Product Delivery Dear Customer Service, I recently placed an order for [Product Name], but it has not arrived yet, despite the promised delivery date passing. Could you please look into this matter and provide an update? Regards, [Your Name]",customer concern
5,"Subject: Incorrect Item Received in Order Dear Customer Support, I received my order today, but unfortunately, one of the items is incorrect. Instead of [Item Name], I received [Incorrect Item Name]. Please assist me in getting the correct item shipped out or processing a refund. Regards, [Your Name]",customer concern
6,"Subject: Reminder: Expense Reimbursement Deadline Hi Team, Just a friendly reminder that the deadline for submitting expense reimbursement requests for this month is approaching. Please ensure all necessary documentation is included. Thanks, [Your Name]",accounting
7,"Subject: Request for Financial Statement Review Hi, I would like to request a review of the attached financial statements for accuracy and completeness. Your prompt attention is appreciated.",accounting
8,"Subject: Quality Concerns Regarding Recent Purchase Hello Support Team, I recently purchased [Product Name] from your store, but I've noticed some quality issues with it. The [specific problem] is affecting its performance. Can you please advise on the next steps to resolve this? Thank you, [Your Name]",customer concern
9,"Subject: Tax Filing Deadline Approaching Dear Team, This is a reminder that the tax filing deadline is approaching. Please ensure all necessary forms and documents are prepared and submitted on time. Best regards, [Your Name]",accounting
10,"Subject: Unsatisfactory Customer Service Experience Hi Management, I recently contacted your customer service department regarding an issue with my account, but I was disappointed with the level of service provided. The representative was unhelpful and unable to resolve my problem. I would appreciate it if you could address this matter promptly. Regards, [Your Name]",customer concern
11,"Subject: Reminder: Employee Benefits Enrollment Hi Team, Just a friendly reminder that the deadline for enrolling in our employee benefits program is approaching. Please review the options and submit your selections by [Deadline Date]. Regards, [Your Name]",hr department
12,"Subject: Difficulty in Using Online Account Hello Support Team, I've been experiencing difficulties accessing and navigating my online account on your website. Despite multiple attempts, I'm unable to [describe the problem]. Can you please provide assistance to resolve this issue? Thank you, [Your Name]",customer concern
13,"Subject: Tax Deduction At Source (TDS) Certificate Issuance Hello, This is to inform you that the TDS certificates for the previous financial year have been processed and are ready for distribution. Contact HR for collection. Thanks, [Your Name]",accounting
14,"Subject: Missing Parts in Shipment Dear Customer Support, I received my order today, but unfortunately, some of the parts are missing. The package should have included [specific parts], but they were not included. Please advise on how to proceed to obtain the missing parts. Regards, [Your Name]",customer concern
15,"Subject: Training Session Schedule Update Hello, We've updated the schedule for upcoming training sessions. Please review the attached document for the revised dates and times. Thanks, [Your Name]",hr department
16,"Subject: Unsatisfactory Service at Store Location Dear Management, I visited your store location [Location Name] yesterday and was disappointed with the level of service provided. The staff was unhelpful and seemed indifferent to my inquiries. I hope you can address this issue to improve customer satisfaction. Regards, [Your Name]",customer concern
17,"Subject: Budget Review Meeting Agenda Team, Attached is the agenda for our upcoming budget review meeting. Please review it and come prepared to discuss any relevant topics. Regards, [Your Name]",accounting
18,"Subject: Billing Discrepancy in Recent Invoice Hi Finance Team, I received the invoice for my recent purchase, but I noticed a discrepancy in the billing amount. The invoice amount is higher than expected due to [reason for discrepancy]. Can you please investigate and rectify this error? Thank you, [Your Name]",customer concern
19,"Subject: Vendor Invoice Discrepancy Hello, We've identified a discrepancy in the latest invoice from [Vendor Name]. Please review the attached details and let me know how we should proceed. Thanks, [Your Name]",accounting
20,"Subject: Request for Order Status Update Hi, I placed an order [Order Number] last week and have not received any updates on its status. Can you please provide information about when I can expect the order to be shipped or delivered? Regards, [Your Name]",customer concern
21,"Subject: Performance Review Reminder Hi [Employee Name], This is a reminder that your performance review is scheduled for [Date]. Please come prepared to discuss your achievements, challenges, and goals. Best regards, [Your Name]",hr department
22,"Subject: Difficulty in Canceling Subscription Hello Support Team, I've been trying to cancel my subscription to [Service Name], but I'm unable to do so through the website or customer portal. Can you please assist me in canceling my subscription and ensuring that I'm not billed further? Regards, [Your Name]",customer concern
23,"Subject: Accounts Receivable Update Hi All, Please see the attached spreadsheet for the latest accounts receivable update. Let me know if you notice any discrepancies. Thanks, [Your Name]",accounting
24,"Subject: Workplace Diversity Training Announcement Hello Everyone, We will be conducting a workplace diversity training session next week. Please mark your calendars and plan to attend. Thanks, [Your Name]",hr department
25,"Subject: Product Defect Reported Hi Customer Service, I recently purchased [Product Name] from your store, but I've discovered a defect in the product. [Describe the defect]. I would like to request a replacement or refund for this defective item. Thank you, [Your Name]",customer concern
26,"Subject: Update: Employee Handbook Revisions Hello, We've made revisions to the employee handbook based on recent policy changes. Please review the updated document attached to this email. Regards, [Your Name]",hr department
27,"Subject: Job Opening: HR Assistant Position Dear Team, We have an opening for the position of HR Assistant in our department. If you know someone who would be a great fit for this role, please encourage them to apply. Regards, [Your Name]",hr department
28,"Subject: Bank Statement Reconciliation Hi, Please see the attached bank statement reconciliation report for [Month/Year]. Let me know if you have any questions. Regards, [Your Name]",accounting
29,"Subject: Delayed Response to Support Ticket Dear Support Team, I submitted a support ticket [Ticket Number] regarding [Issue Description] several days ago, but I have not received a response yet. Can you please prioritize this ticket and provide an update? Regards, [Your Name]",customer concern
30,"Subject: Investment Portfolio Review Meeting Dear Team, We will be conducting an investment portfolio review meeting on [Date] at [Time]. Please make sure to attend. Best regards, [Your Name]",accounting
31,"Subject: Request for Volunteer Committee Members Hi Team, We're forming a volunteer committee to organize company events and community outreach initiatives. If you're interested in participating, please let us know. Regards, [Your Name]",customer concern
32,"Subject: Quarterly Financial Statements Hi Team, The quarterly financial statements for Q1 2024 are now available. Please review them at your earliest convenience. Regards, [Your Name]",accounting
33,"Subject: Inaccurate Information Provided by Sales Representative Hello Management, I recently interacted with one of your sales representatives who provided me with inaccurate information regarding [Product/Service]. As a result, I ended up with [specific issue]. I would appreciate it if you could address this matter and ensure accurate information is provided to customers. Thank you, [Your Name]",customer concern
34,"Subject: Reminder: Employee Expense Policy Training Team, Just a reminder that all employees are required to complete the expense policy training by [Deadline Date]. Access the training module through the employee portal. Thanks, [Your Name]",accounting
35,"Subject: Quarterly Sales Tax Return Filing Hello Team, Please be reminded that the quarterly sales tax return filing is due by the end of the month. Ensure timely submission to avoid penalties. Thanks, [Your Name]",accounting
36,"Subject: Difficulty in Contacting Customer Support Hi Team, I've been trying to reach your customer support department via phone and email for the past few days, but I haven't been able to get through. Can you please assist me in resolving my issue and improving the accessibility of your support channels? Regards, [Your Name]",customer concern
37,"Subject: Flexible Work Arrangement Request Form Hi, If you're interested in requesting a flexible work arrangement, please fill out the attached form and submit it to HR for review. Thanks, [Your Name]",hr department
38,"Subject: Request for Purchase Order Approval Hello, I would like to request approval for the purchase order attached to this email. Please review it and provide your authorization. Regards, [Your Name]",accounting
39,"Subject: Unauthorized Charges on Credit Card Statement Dear Finance Department, I noticed unauthorized charges on my credit card statement from your company. I did not make these purchases, and I would like to dispute these charges and have them removed from my account. Thank you, [Your Name]",customer concern
40,"Subject: Employee Recognition Program Nomination Dear Team, We're accepting nominations for our employee recognition program. If you know a colleague who has gone above and beyond, please submit your nomination by [Deadline Date]. Best regards, [Your Name]",hr department
41,"Subject: Request for Product Recall Information Hello Customer Service, I recently purchased [Product Name] and heard about potential safety concerns related to similar products. Can you please provide information about whether the product I purchased is affected by any recalls? Thank you, [Your Name]",customer concern
42,"Subject: Notification of Overdue Invoice Hi, This is a reminder that the invoice #123456 from [Vendor Name] is now overdue. Please follow up with the vendor to ensure prompt payment. Regards, [Your Name]",accounting
43,"Subject: Difficulty in Redeeming Promotional Offer Hello Support Team, I'm having trouble redeeming a promotional offer that was advertised on your website. The promo code is not being recognized, and I'm unable to proceed with the purchase. Can you please assist me in resolving this issue? Regards, [Your Name]",customer concern
44,"Subject: Expense Approval Request for [Project Name] Hi, I need your approval on the attached expense report for [Project Name]. Please review it and provide your authorization. Thanks, [Your Name]",accounting
45,"Subject: Payroll Update Dear Team, Please be advised that the payroll for this month has been processed. You can access your pay stubs through the employee portal. Best regards, [Your Name]",accounting
46,"Subject: Unsatisfactory Product Performance Hi Customer Service, I recently purchased [Product Name], but I'm unsatisfied with its performance. Despite following the instructions, the product does not meet my expectations. Can you please advise on how to proceed with a return or exchange? Thank you, [Your Name]",customer concern
47,"Subject: Health and Wellness Workshop Registration Hi All, Registration for the upcoming health and wellness workshop is now open. Please sign up using the link provided in the attached flyer. Regards, [Your Name]",hr department
48,"Subject: Annual Performance Appraisal Schedule Announcement Dear Team, We will be initiating the annual performance appraisal process next month. Please review the attached schedule for important dates and deadlines. Best regards, [Your Name]",hr department
49,"Subject: Audit Preparation Checklist Team, Attached is the audit preparation checklist for our upcoming audit. Please review it and ensure all necessary documents and procedures are in place. Regards, [Your Name]",accounting
50,"Subject: Shipping Address Correction Needed Hello, I placed an order [Order Number] with the shipping address [Incorrect Address], but I need to update it to [Correct Address]. Can you please ensure that the shipping address is corrected before the order is shipped? Regards, [Your Name]",customer concern
51,"Subject: Difficulty in Accessing Account Statement Dear Support Team, I'm having trouble accessing my account statement through the online portal. Whenever I try to view it, I encounter [specific issue]. Can you please assist me in accessing my account statement? Thank you, [Your Name]",
52,"Subject: Quarterly Budget Variance Analysis Dear Team, Please find attached the quarterly budget variance analysis report. Review it and identify any areas that require attention. Best regards, [Your Name]",accounting
53,"Subject: Unauthorized Account Access Detected Hi Security Team, I received a notification about unauthorized access to my account. I did not log in from the location specified in the notification. Can you please investigate this security breach and take appropriate action to secure my account? Regards, [Your Name]",customer concern
54,"Subject: Petty Cash Replenishment Request Hi, Our petty cash fund needs replenishment. Please review the attached reconciliation report and approve the requested amount. Thanks, [Your Name]",accounting
55,"Subject: Training Needs Assessment Survey Hi Team, We're conducting a training needs assessment to identify learning opportunities within the organization. Please complete the survey linked in this email. Regards, [Your Name]",hr department
56,"Subject: Product Recall Information Request Hello, I recently purchased [Product Name], and I heard about a product recall related to similar products. Can you please provide information about whether the product I purchased is affected by the recall? Thank you, [Your Name]",customer concern
57,"Subject: Monthly Depreciation Schedule Team, Attached is the monthly depreciation schedule for our fixed assets. Review it and ensure accuracy. Regards, [Your Name]",accounting
58,"Subject: Delayed Response from Technical Support Hi Management, I submitted a technical support request [Ticket Number] several days ago, but I have not received a response yet. The issue I'm experiencing is causing significant inconvenience, and I would appreciate a prompt resolution. Regards, [Your Name]",customer concern
59,"Subject: Reminder: Tax Filing Extension Deadline Hi All, Just a reminder that the deadline for filing tax extensions is approaching. Please submit the necessary forms if applicable. Regards, [Your Name]",accounting
60,"Subject: Update: Dress Code Policy Revision Hello Everyone, We've made revisions to our dress code policy based on employee feedback. Please review the updated policy attached to this email. Regards, [Your Name]",hr department
61,"Subject: Unsatisfactory Resolution to Previous Complaint Hi Management, I previously submitted a complaint regarding [Issue Description], but I'm dissatisfied with the resolution provided. The problem still persists, and I would like a more satisfactory resolution to this matter. Regards, [Your Name]",customer concern
62,"Subject: Incomplete Order Received Dear Customer Support, I received my order today, but unfortunately, some items were missing from the shipment. The packing slip indicated that all items should have been included, but [specific items] were not included. Can you please ship the missing items separately? Regards, [Your Name]",customer concern
63,"Subject: Travel Expense Policy Update Team, Please be advised that we have updated our travel expense policy. Review the attached document for the latest guidelines. Regards, [Your Name]",accounting
64,"Subject: Retirement Planning Seminar Announcement Hello, We will be hosting a retirement planning seminar next month. Save the date and stay tuned for more details. Thanks, [Your Name]",hr department
65,"Subject: Wellness Challenge Announcement Hi, We're excited to announce the launch of our company-wide wellness challenge. Details on how to participate are included in the attached flyer. Thanks, [Your Name]",hr department
66,"Subject: Difficulty in Completing Online Purchase Dear Support Team, I'm experiencing difficulties completing an online purchase on your website. Whenever I try to proceed to checkout, I encounter [specific issue]. Can you please assist me in completing my purchase? Regards, [Your Name]",customer concern
67,"Subject: Accounts Payable Aging Report Hi All, Attached is the accounts payable aging report as of [Date]. Please review it and follow up on any outstanding invoices. Regards, [Your Name]",accounting
68,"Subject: Website Error Encountered Hello IT Team, I encountered an error while browsing your website. Whenever I try to [specific action], I receive [error message]. Can you please investigate and resolve this issue? Thank you, [Your Name]",customer concern
69,"Subject: Year-End Financial Review Meeting Hello Team, We will be holding a year-end financial review meeting on [Date] at [Time]. Please mark your calendars accordingly. Thanks, [Your Name]",accounting
70,"Subject: Request for Product Warranty Information Hi, I recently purchased [Product Name] and would like to inquire about the warranty coverage. Can you please provide information about the warranty duration and any terms and conditions that apply? Thank you, [Your Name]",customer concern
71,"Subject: Vendor Contract Renewal Confirmation Hello, I am pleased to confirm the renewal of our contract with [Vendor Name]. Please see the attached document for details. Thanks, [Your Name]",accounting
72,"Subject: Difficulty in Updating Account Information Hello Support Team, I've been trying to update my account information, but I'm unable to do so through the website. Whenever I try to make changes, I encounter [specific issue]. Can you please assist me in updating my account details? Regards, [Your Name]",customer concern
73,"Subject: Unauthorized Subscription Renewal Hi Finance Department, I noticed a charge on my credit card statement for the renewal of a subscription that I did not authorize. Can you please cancel the subscription and issue a refund for the unauthorized charge? Thank you, [Your Name]",customer concern
74,"Subject: New Budget Allocation Request Hello, I would like to request a new budget allocation for [Project Name]. Please see the attached proposal for your review. Thanks, [Your Name]",accounting
75,"Subject: Request for Assistance with Product Setup Hello Customer Service, I recently purchased [Product Name], but I'm having trouble setting it up. The instructions provided are unclear, and I'm unable to proceed. Can you please provide assistance or more detailed instructions? Regards, [Your Name]",customer concern
76,"Subject: Update: Maternity/Paternity Leave Policy Revision Hello, We've made revisions to our maternity/paternity leave policy. Please review the updated policy attached to this email. Regards, [Your Name]",hr department
77,"Subject: Employee Survey Feedback Summary Hi Team, Thank you to everyone who participated in the recent employee survey. Attached is a summary of the feedback received and the action items identified. Regards, [Your Name]",hr department
78,"Subject: Invoice Approval Request Hi, I need your approval on the attached invoice from [Vendor Name]. Please review it and let me know if it's okay to proceed with payment. Regards, [Your Name]",accounting
79,"Subject: Update: Paid Time Off Policy Revision Hi Team, We've made revisions to our paid time off (PTO) policy. Please review the updated policy attached to this email. Regards, [Your Name]",hr department
80,"Subject: New Employee Orientation Schedule Dear [Employee Name], Welcome to the team! Attached is your orientation schedule outlining your first week with us. We're excited to help you get settled in. Best regards, [Your Name]",hr department
81,"Subject: Diversity and Inclusion Survey Reminder Hi, Just a reminder to complete the diversity and inclusion survey if you haven't already done so. Your feedback is valuable in shaping our initiatives. Thanks, [Your Name]",hr department
82,"Subject: Employee Assistance Program (EAP) Resources Hello Everyone, As part of our commitment to employee well-being, we offer access to the Employee Assistance Program (EAP). Please see the attached brochure for details on available resources. Regards, [Your Name]",hr department
83,"Subject: Retirement Farewell Party Announcement Hi Everyone, Please join us in bidding farewell to [Retiring Employee Name] at a retirement party on [Date] at [Time]. Details attached. Regards, [Your Name]",hr department
84,"Subject: Request for Paid Time Off (PTO) Approval Hi, I would like to request approval for [Number of Days] of paid time off (PTO) from [Start Date] to [End Date]. Please review and approve my request. Thanks, [Your Name]",hr department
85,"Subject: Account Closure Confirmation Hello, This is to confirm the closure of the account [Account Number]. Please let me know if you need any further assistance. Thanks, [Your Name]",accounting
86,"Subject: Difficulty in Accessing Customer Support Chat Dear Team, I tried to access the live chat support on your website, but I encountered difficulties connecting to a representative. Can you please ensure that the chat support feature is functioning properly? Thank you, [Your Name]",customer concern
87,"Subject: Update: Company Holiday Schedule Hi All, We've updated the company holiday schedule for the upcoming year. Please review the attached document for the revised dates. Regards, [Your Name]",hr department
88,"Subject: Job Opening: Recruitment Specialist Position Dear Team, We're currently seeking a Recruitment Specialist to join our HR team. If you know someone who would be a good fit, please encourage them to apply. Regards, [Your Name]",hr department
89,"Subject: Reconciliation Report for [Month/Year] Dear Team, Please find attached the reconciliation report for the month of [Month/Year]. Review it thoroughly and report any discrepancies. Best regards, [Your Name]",accounting
90,"Subject: Technical Issue with Online Payment Processing Hi Support Team, I tried to make a purchase on your website, but I encountered a technical issue during the payment process. The payment was not processed successfully, and I'm unsure if my order went through. Can you please assist me in resolving this issue? Regards, [Your Name]",customer concern
91,"Subject: Employee Referral Program Reminder Hi Team, Just a friendly reminder about our employee referral program. If you refer a candidate who gets hired, you may be eligible for a referral bonus. Regards, [Your Name]",hr department
92,"Subject: Reminder: Quarterly Tax Payments Hi Team, Just a reminder that quarterly tax payments are due by the end of the month. Please ensure prompt payment to avoid penalties. Regards, [Your Name]",accounting
93,"Subject: Unsatisfactory Product Packaging Hello Customer Service, I recently received my order, but I'm disappointed with the packaging. The items were not adequately protected, and some of them arrived damaged. Can you please ensure better packaging in future orders? Thank you, [Your Name]",customer concern
94,"Subject: Request for Refund Status Update Hi Finance Department, I submitted a request for a refund [Refund Request Number] several days ago, but I have not received any updates on its status. Can you please provide me with an update on when I can expect to receive the refund? Regards, [Your Name]",customer concern
95,"Subject: Harassment Prevention Training Announcement Hi Everyone, We will be conducting harassment prevention training sessions next week. Attendance is mandatory for all employees. Thanks, [Your Name]",hr department
96,"Subject: Update: Remote Work Policy Guidelines Hello, We've updated the guidelines for our remote work policy. Please review the attached document for the latest information. Regards, [Your Name]",hr department
97,"Subject: Request for Performance Improvement Plan (PIP) Meeting Hi [Employee Name], This is to inform you that a Performance Improvement Plan (PIP) meeting has been scheduled for [Date]. Please come prepared to discuss your performance goals. Best regards, [Your Name]",hr department
